firm_name,website,practice_area,state,email,all_emails
Searcy Denney Scarola Barnhart & Shipley,https://www.searcylaw.com/,Personal Injury,FL,,
Perdue & Kidd LLP,https://www.perdueandkidd.com/,Personal Injury,TX,,
Brent Coon & Associates,https://www.brentcoon.com/,Personal Injury,TX,,
D'Amore Law Group,https://www.damorelaw.com/,Personal Injury,OR,help@damorelaw.com,help@damorelaw.com
Clark Fountain La Vista Prather & Littky-Rubin,https://www.clarkfountain.com/,Personal Injury,FL,marketing@clarkfountain.com,marketing@clarkfountain.com
Lytal Reiter Smith Ivey & Fronrath,https://www.foryourrights.com/,Personal Injury,FL,info@foryourrights.com,info@foryourrights.com
Abraham Watkins Nichols Sorrels Agosto & Friend,https://www.abrahamwatkins.com/,Personal Injury,TX,,
Smith LaCien LLP,https://www.smithlacien.com/,Personal Injury,IL,,
Law Offices of Howard L. Nations,https://www.howardnations.com/,Personal Injury,TX,,
Spohrer Dodd,https://www.spohrerdodd.com/,Personal Injury,FL,,
Faiella & Gulden PA,https://www.faiellalawfirm.com/,Personal Injury,FL,,
McArthur Law Firm,https://www.mcarthurlaw.com/,Personal Injury,GA,,
Babcock Tucker,https://www.injurylawcolorado.com/,Personal Injury,CO,,
Brown Trial Firm,https://browntrialfirm.com/,Personal Injury,TX,brown@trialfirm.com,brown@trialfirm.com
Chappell Chappell and Newman,https://www.chappell.law/,Personal Injury,SC,,
Finderson Law,https://www.findersonlaw.com/,Personal Injury,IN,,
Gerber & Holder,https://www.gerberholderlaw.com/,Personal Injury,GA,,
Lorenzo & Lorenzo,https://www.lorenzoandlorenzo.com/,Personal Injury,FL,,
Murphy Law Firm,https://www.murphylawoffice.net/,Personal Injury,MT,,
Nomberg Law Firm,https://nomberglaw.com/,Personal Injury,AL,,
Palmer Lopez,https://palmerinjurylaw.com/,Personal Injury,FL,,
Wilder Pantazis Law Group,https://www.wilderlawgroup.com/,Personal Injury,NC,info@wilderlawgroup.com,beau@wilderlawgroup.com|info@wilderlawgroup.com
Patel Law PC,https://www.patellawteam.com/,Personal Injury,MA,,
Claggett Sykes & Garza,https://csgtrials.com/,Personal Injury,NV,,
Kibbey Wagner PLLC,https://kibbeylaw.com/,Personal Injury,FL,jwagner@kibbeylaw.com,jwagner@kibbeylaw.com
The Johnson Firm,https://johnsonfirmla.com/,Personal Injury,LA,info@johnsonfirmla.com,info@johnsonfirmla.com
Massey & Associates PC,https://masseyattorneys.com/,Personal Injury,VA,,
Bisnar Chase,https://www.bestattorney.com/,Personal Injury,CA,outreach@bestattorney.com,outreach@bestattorney.com
Nicholson Revell,https://nicholsonrevell.com/,Personal Injury,GA,,
Santana & Blanchard,https://www.santanablanchard.com/,Personal Injury,FL,info@santanablanchard.com,info@santanablanchard.com|santanablanchardpersonalinjury@gmail.com
Bowen Painter Injury Lawyers,https://bowenpainter.com/,Personal Injury,GA,bowenpainterinjurylawyers@gmail.com,bowenpainterinjurylawyers@gmail.com
Brandon J. Broderick,https://www.brandonjbroderick.com/,Personal Injury,NJ,,
Rosengard Law Group,https://rosengardlawgroup.com/,Personal Injury,NJ,arosengard@rosengardlawgroup.com,arosengard@rosengardlawgroup.com
Staver Accident Injury Lawyers,https://www.chicagolawyer.com/,Personal Injury,IL,staver@chicagolawyer.com,staver@chicagolawyer.com|support@chicagolawyer.com
Roden Law,https://rodenlaw.com/,Personal Injury,SC,,
Law Offices of Timothy Grabe,https://www.timgrabeattorney.com/,Personal Injury,NE,,
Shaheen & Gordon PA,https://www.shaheengordon.com/,Personal Injury,NH,,
Anderson Injury Lawyers,https://maafirm.com/,Personal Injury,TX,info@maafirm.com,info@maafirm.com
Langdon & Emison,https://www.langdonemison.com/,Personal Injury,MO,,
Omar Ochoa Law Firm,https://www.omarochoalaw.com/,Personal Injury,TX,,
Page Law,https://www.pagelaw.com/,Personal Injury,MO,john@pagelaw.com,john@pagelaw.com
Parris Law Firm,https://parris.com/,Personal Injury,CA,,
Brown Bass & Jeter,https://bbjlawyers.com/,Personal Injury,GA,bass@bbjlawyers.com,bass@bbjlawyers.com|jeter@bbjlawyers.com|brown@bbjlawyers.com
Wattel & York,https://www.wattelandyork.com/,Personal Injury,AZ,,
Hentschel x Lanza PLLC,https://www.hxl-law.com/,Personal Injury,NY,,
West Coast Trial Lawyers,https://westcoasttriallawyers.com/,Personal Injury,CA,info@westcoasttriallawyers.com,info@westcoasttriallawyers.com
Metier Law Firm,https://www.metierlaw.com/,Personal Injury,CO,info@metierlaw.com,info@metierlaw.com
The McClellan Law Firm,https://www.mcclellanlaw.com/,Personal Injury,CA,,
Zaner Harden Law,https://zanerhardenlaw.com/,Personal Injury,CO,info@zanerhardenlaw.com,zanerhardenlawllp@gmail.com|info@zanerhardenlaw.com
Morgan & Morgan,https://www.forthepeople.com/,Personal Injury,FL,themorganconnection@forthepeople.com,themorganconnection@forthepeople.com|media@forthepeople.com
Wilshire Law Firm,https://wilshirelawfirm.com/,Personal Injury,CA,,
Walkup Melodia Kelly & Schoenberger,https://www.walkuplawoffice.com/,Personal Injury,CA,,
TorkLaw,https://www.torklaw.com/,Personal Injury,CA,,
Omega Law Group,https://www.omegalaw.com/,Personal Injury,CA,,
RMD Law,https://www.rmdlaw.com/,Personal Injury,CA,info@rmdlaw.com,info@rmdlaw.com
Nadrich Accident Injury Lawyers,https://personalinjurylawcal.com/,Personal Injury,CA,,
Adamson Ahdoot LLP,https://aa.law/,Personal Injury,CA,contact@aa.law,contact@aa.law
Harris Personal Injury Lawyers,https://harrispersonalinjury.com/,Personal Injury,CA,intake@harrispersonalinjury.com,intake@harrispersonalinjury.com
Arnold & Itkin,https://www.arnolditkin.com/,Personal Injury,TX,,
Jim Adler & Associates,https://www.jimadler.com/,Personal Injury,TX,,
Thomas J. Henry Law,https://thomasjhenrylaw.com/,Personal Injury,TX,info@tjhlaw.com,info@tjhlaw.com
Sorrels Law,https://www.sorrelslaw.com/,Personal Injury,TX,help@sorrelslaw.com,help@sorrelslaw.com|help@sorrelslaw.com
Angel Reyes & Associates,https://www.reyeslaw.com/,Personal Injury,TX,,
The Doan Law Firm,https://www.doanlawfirm.com/,Personal Injury,TX,,
The Daspit Law Firm,https://www.daspitlaw.com/,Personal Injury,TX,,
The Florida Law Group,https://www.thefloridalawgroup.com/,Personal Injury,FL,,
The Pendas Law Firm,https://www.pendaslaw.com/,Personal Injury,FL,,
The Schiller Kessler Group,https://www.injuredinflorida.com/,Personal Injury,FL,,
Farah & Farah,https://farahandfarah.com/,Personal Injury,FL,,
Abrahamson & Uiterwyk,https://www.theinjurylawyers.com/,Personal Injury,FL,,
Dan Newlin Injury Attorneys,https://www.newlinlaw.com/,Personal Injury,FL,,
Mirman Markovits & Landau,https://mirmanlawyers.com/,Personal Injury,NY,info@mirmanlawyers.com,info@mirmanlawyers.com|casecalls@mirmanlawyers.com
The Barnes Firm,https://www.thebarnesfirm.com/,Personal Injury,NY,info@thebarnesfirm.com,info@thebarnesfirm.com
Hach & Rose LLP,https://www.unionlawfirm.com/,Personal Injury,NY,,
Queller Fisher Washor Fuchs & Kool,https://www.quellerfisher.com/,Personal Injury,NY,,
Law Offices of Michael S. Lamonsoff,https://www.msllegal.com/,Personal Injury,NY,,
The Perecman Firm,https://www.perecman.com/,Personal Injury,NY,,
Block O'Toole & Murphy,https://www.blockotoole.com/,Personal Injury,NY,,
Raphaelson & Levine,https://www.raphaelsonlaw.com/,Personal Injury,NY,,
Injury Rights,https://www.injuryrights.com/,Personal Injury,IL,,
The Collins Law Firm,https://www.collinslaw.com/,Personal Injury,IL,,
John J. Malm & Associates,https://www.malmlegal.com/,Personal Injury,IL,,
Ankin Law,https://ankinlaw.com/,Personal Injury,IL,casereview@ankinlaw.com,casereview@ankinlaw.com
Kryder Law,https://www.kryderlaw.com/,Personal Injury,IL,akryder@kryderlaw.com,akryder@kryderlaw.com
Clifford Law Offices,https://www.cliffordlaw.com/,Personal Injury,IL,,
The Dominguez Firm,https://www.dominguezfirm.com/,Personal Injury,CA,info@dominguezfirm.com,info@dominguezfirm.com
Rosenberg Minc Falkoff & Wolff,https://rmfwlaw.com/,Personal Injury,NY,,
Fragomen Del Rey Bernsen & Loewy,https://www.fragomen.com/,Immigration,NY,,
Berry Appleman & Leiden,https://www.bal.com/,Immigration,TX,ealbrecht@bal.com,ealbrecht@bal.com|ask@bal.com|cobaltsupport@bal.com
Greenberg Traurig,https://www.gtlaw.com/,Immigration,FL,hrrecruit@gtlaw.com,hrrecruit@gtlaw.com
Klasko Immigration Law Partners,https://www.klaskolaw.com/,Immigration,PA,,
Seyfarth Shaw,https://www.seyfarth.com/,Immigration,IL,,
Wolfsdorf Rosenthal,https://www.wolfsdorf.com/,Immigration,CA,,
Siskind Susser,https://www.visalaw.com/,Immigration,TN,info@visalaw.com,press@visalaw.com|business@visalaw.com|info@visalaw.com
Erickson Immigration Group,https://www.eikilaw.com/,Immigration,VA,,
Murthy Law Firm,https://www.murthy.com/,Immigration,MD,,
Ashoori Law,https://www.ashoorilaw.com/,Immigration,CA,contact@ashoorilaw.com,contact@ashoorilaw.com
Foster LLP,https://www.fosterglobal.com/,Immigration,TX,info@fosterglobal.com,info@fosterglobal.com|econsult@fosterglobal.com
Morgan Lewis Immigration,https://www.morganlewis.com/,Immigration,PA,alumni@morganlewis.com,alumni@morganlewis.com|contactus@morganlewis.com
Gehi & Associates,https://gehilaw.com/,Immigration,NY,,
Cavanaugh Law Group,https://www.wmc-law.com/,Immigration,FL,,
Center for U.S. Immigration Services,https://www.cfuis.com/,Immigration,FL,,
U.S. Immigration Law Counsel,https://us-ilc.com/,Immigration,CA,info@us-ilc.com,leads@us-ilc.com|info@us-ilc.com
Bean Lloyd Mukherji & Taylor,https://www.beancard.com/,Immigration,CA,,
Alcorn Immigration Law,https://www.alcorn.law/,Immigration,CA,hello@alcorn.law,hello@alcorn.law
Modern Law Group PC,https://www.lawofficeimmigration.com/,Immigration,CA,,
Verma Law Firm,https://www.avlawoffice.com/,Immigration,CA,,
KPB Immigration Law Firm,https://www.kpbimmigrationlawfirm.com/,Immigration,CA,,
Kuck Immigration Partners,https://www.kfrlaw.com/,Immigration,GA,,
Stone Grzegorek & Gonzalez,https://www.sggimmigration.com/,Immigration,CA,sgg@sggimmigration.com,sgg@sggimmigration.com
Law Firm of Anish Vashistha,https://www.lawfirmav.com/,Immigration,CA,,
Devore Law Group PA,https://www.devorelawgroup.com/,Immigration,FL,,
Vazquez & Poudat PLLC,https://www.vazquezpoudat.com/,Immigration,FL,,
Law Offices of Shamieh Shamieh & Ternieden,https://www.shamiehlawsf.com/,Immigration,CA,,
K & G Law LLP,https://www.kgimmigrationlaw.com/,Immigration,CA,info@legalkg.com,info@legalkg.com
Warren Law Firm,https://warrenlawfirm.net/,Immigration,CA,angela@warrenlawfirm.net,angela@warrenlawfirm.net
Levin and Pangilinan PC,https://lpimmigration.com/,Immigration,CA,,
Immigrant Defenders Law Center,https://www.immdef.org/,Immigration,CA,info@immdef.org,info@immdef.org|rgarcia@immdef.org|media@immdef.org
Williams Law Group LLC,https://www.willmslaw.com/,Family Law,NJ,,
Wilkinson & Finkbeiner LLP,https://www.wf-lawyers.com/,Family Law,CA,,
Seastrom Tuttle & Murphy,https://www.seastromlaw.com/,Family Law,CA,,
Tharrington Smith LLP,https://www.tharringtonsmith.com/,Family Law,NC,,
Lewert Law Offices PA,https://www.lewertlaw.com/,Family Law,FL,tina.lewert@lewertlaw.com,tina.lewert@lewertlaw.com
The Abrams Law Firm LLC,https://www.abramsdivorce.com/,Family Law,NV,,
Parrino Shattuck PC,https://www.parrinoshattuck.com/,Family Law,CT,,
Grossman Law Offices,https://www.grossmanlawoffices.net/,Family Law,OH,,
Hodgson Law Group,https://hodgsonlawoffices.com/,Family Law,CA,,
Yarborough Law Group,https://yarboroughlawgroup.com/,Family Law,TX,cole@ylglegal.com,cole@ylglegal.com
Lishman Law Firm,https://lishmanlaw.com/,Family Law,CA,sarahanne@lishmanlaw.com,sarahanne@lishmanlaw.com
Stange Law Firm,https://www.stangelawfirm.com/,Family Law,MO,,
Goranson Bain Ausley,https://gbfamilylaw.com/,Family Law,TX,,
Stanchieri Family Law,https://stanchierifamilylaw.com/,Family Law,CA,support@stanchierifamilylaw.com,support@stanchierifamilylaw.com
Elise Buie Family Law,https://elisebuiefamilylaw.com/,Family Law,WA,,
Vaught Law Firm PC,https://austindivorcelawyer.com/,Family Law,TX,,
Fairway Divorce,https://fairwaydivorce.com/,Family Law,CA,,
Maclean Law,https://mlfpc.com/,Family Law,BC,info@mlfpc.com,info@mlfpc.com
New York Family Law Group,https://newyorkfamilylawgroup.com/,Family Law,NY,,
Women's Divorce & Family Law Group,https://womensfamilylawyers.com/,Family Law,FL,josh@womensfamilylawyers.com,josh@womensfamilylawyers.com
Kraayeveld Law Office,https://kraayeveld.com/,Family Law,MI,,
Arami Law Inc,https://aramilaw.com/,Family Law,IL,info@aramilaw.com,info@aramilaw.com
McClure Law Group,https://mcclure-lawgroup.com/,Family Law,TX,,
Truce Law,https://trucelaw.com/,Family Law,CA,,
Bishop Law Office,https://bishopandpart.com/,Family Law,NC,,
Jones Divorce & Family Law,https://jonesdivorcelaw.com/,Family Law,AB,info@jonesdivorcelaw.com,info@jonesdivorcelaw.com
Neal Ashmore Family Law Group,https://northtexasdivorcelawyers.com/,Family Law,TX,,
The Mandel Law Firm,https://mandellawfirm.com/,Family Law,NY,,
Nevada Family Law Group,https://nevadafamilylaw.com/,Family Law,NV,,
Vacca Family Law Group,https://vaccalaw.com/,Family Law,CA,,
Eiges & Orgel Law Offices,https://divorcelawfirmnewyork.com/,Family Law,NY,,
Cohen Family Law,https://cohenfamilylaw.com/,Family Law,CA,,
Morris Sockle,https://morris-sockle.com/,Family Law,TX,info@morris-sockle.com,info@morris-sockle.com
Randal Lowry,https://randallowry.com/,Family Law,TN,,
Ward Family Law,https://wardfamilylawchicago.com/,Family Law,IL,jward@wardfamilylawchicago.com,jward@wardfamilylawchicago.com
Denver Family Lawyers,https://familylawyersdenver.com/,Family Law,CO,,
Chorowski Clary,https://cclawpa.com/,Family Law,PA,,
YLAW Family Law Firm,https://www.ylaw.ca/,Family Law,BC,,
Cubillos Reed Law PLLC,https://cubillosreedlaw.com/,Family Law,TX,maria@cubillosreedlaw.com,maria@cubillosreedlaw.com
A.C. Rieman Law,https://acriemanlaw.com/,Family Law,VA,lawoffice@acriemanlaw.com,lawoffice@acriemanlaw.com
The Lincoln Law Firm PLLC,https://www.thelincolnlawfirm.com/,Family Law,FL,chris@thelincolnlawfirm.com,chris@thelincolnlawfirm.com
Levine Family Law Group,https://eastbaylevinelaw.com/,Family Law,CA,,
Carvajal Law,https://www.carvajallaw.com/,Family Law,CA,lazaro@carvajallaw.com,lazaro@carvajallaw.com
Cuomo Law Firm,https://cuomolawfirm.com/,Family Law,NY,dcuomo@cuomolawfirm.com,dcuomo@cuomolawfirm.com
Axelrod Law Office,https://www.lakeohiolaw.com/,Family Law,OH,,
Modern Law,https://mymodernlaw.com/,Family Law,AZ,info@mymodernlaw.com,info@mymodernlaw.com
Columbia Family Law Group LLC,https://www.columbiafamilylawgroup.com/,Family Law,MO,secretary@columbiafamilylawgroup.com,secretary@columbiafamilylawgroup.com
The Branch Law Firm,https://www.thebranchfirm.com/,Family Law,NM,,
Roberts & Zatlin,https://www.kimrobertslaw.com/,Family Law,CA,,
Schoenberg Family Law Group PC,https://www.sflg.com/,Family Law,CA,,
Zafiro Law,https://zafirolaw.com/,Family Law,AZ,,
McMichen Cinami & Demps,https://fldivorce.com/,Family Law,FL,info@fldivorce.com,info@fldivorce.com
Cordell & Cordell,https://cordellcordell.com/,Family Law,MO,,
McKinley Irvin,https://www.mckinleyirvin.com/,Family Law,WA,,
Merel Family Law,https://merelfamilylaw.com/,Family Law,IL,,
Family Legal Advocacy Group,https://www.flagfamilylaw.com/,Family Law,SC,,
Walzer Melcher LLP,https://walzermelcher.com/,Family Law,CA,,
Cage & Miles,https://www.cageandmiles.com/,Family Law,CA,,
Claery & Hammond LLP,https://www.claerygreen.com/,Family Law,CA,,
Moradi Neufer,https://californiafamilylawgroup.com/,Family Law,CA,intake@caflg.com,intake@caflg.com
Stephen Bilkis & Associates,https://familylawyer.1800nynylaw.com/,Family Law,NY,,
Aronson Mayefsky & Sloan LLP,https://www.amsllp.com/,Family Law,NY,ams-miami@amsllp.com,ams-miami@amsllp.com|ams-nyc@amsllp.com|inquiries@amsllp.com|ams-westpalmbeach@amsllp.com
Berkman Bottger Newman & Schein,https://www.berkbot.com/,Family Law,NY,,
Blank Rome LLP,https://www.blankrome.com/,Family Law,PA,webmaster@blankrome.com,webmaster@blankrome.com
The Colwell Law Group,https://colwell-law.org/,Family Law,NY,,
Carpenter Family Law LLC,https://www.ohiofamilylawspecialist.com/,Family Law,OH,,
Slater & Zurz,https://slaterzurz.com/,Family Law,OH,,
Joslyn Law Firm Family,https://www.columbusfamilylaw.org/,Family Law,OH,,
Mackey Law LLC,https://www.cmlawohio.com/,Family Law,OH,,
Melissa Graham-Hurd & Associates,https://www.grahamhurdlaw.com/,Family Law,OH,,
Allmand Law,https://allmandlaw.com/,Bankruptcy,TX,questions@allmandlaw.com,questions@allmandlaw.com
Benenati Law Firm,https://www.407bankrupt.com/,Bankruptcy,FL,info@777lawfirm.com,info@777lawfirm.com
The Kent Law Firm,https://www.thekentlawfirm.com/,Bankruptcy,TX,,
Westgate Law,https://westgatelaw.com/,Bankruptcy,CA,,
Frego & Associates,https://www.fregolaw.com/,Bankruptcy,MI,,
The Moak Law Firm PLLC,https://azbankruptcyhelp.com/,Bankruptcy,AZ,,
LifeBack Law Firm PA,https://lifebacklaw.com/,Bankruptcy,MN,,
Rashid Law Firm,https://www.rashidlawfirm.com/,Bankruptcy,TX,,
Vaisman Law Office,https://www.vaismanlaw.com/,Bankruptcy,FL,,
The Lane Law Firm,https://www.lanelaw.com/,Bankruptcy,TX,,
Starr & Starr PLLC,https://www.starrandstarr.com/,Bankruptcy,NY,,
Wadhwani & Shanfeld,https://www.wslaw.com/,Bankruptcy,CA,greg@wslaw.com,greg@wslaw.com|raj@wslaw.com
James Schwitalla PA,https://www.miamibankruptcy.net/,Bankruptcy,FL,info@miamibkc.net,info@miamibkc.net
The Bankruptcy Law Firm PC,https://www.bkylawfirm.com/,Bankruptcy,CA,kmarch@bkylawfirm.com,kmarch@bkylawfirm.com
Talkov Law,https://talkovlaw.com/,Bankruptcy,CA,info@talkovlaw.com,media@talkovlaw.com|info@talkovlaw.com|scott@talkovlaw.com
Law Offices of David M. Offen,https://www.getfreeofbills.com/,Bankruptcy,PA,,
Relief Lawyers LLC,https://relieflawyersnv.com/,Bankruptcy,NV,contact@relieflawyersnv.com,contact@relieflawyersnv.com
Law Offices of Jon G. Brooks,https://brooksattorney.com/,Bankruptcy,CA,,
Wolff & Orenstein LLC,https://www.wolawgroup.com/,Bankruptcy,MD,,
Peter Francis Geraci Law,https://www.infotapes.com/,Bankruptcy,IL,,
Knevel Law Co LPA,https://www.knevel.com/,Bankruptcy,OH,,
No Worries Bankruptcy,https://noworriesbankruptcy.com/,Bankruptcy,CA,,
Kirkland & Ellis,https://www.kirkland.com/,Bankruptcy,IL,,
Latham & Watkins,https://www.lw.com/,Bankruptcy,CA,amanda.stipe@lw.com,amanda.stipe@lw.com|pr@lw.com
Davis Polk,https://www.davispolk.com/,Bankruptcy,NY,amelia.starr@davispolk.com,amelia.starr@davispolk.com|clientinquiries@davispolk.com|gencoun@davispolk.com|alumni@davispolk.com|katie.moss@davispolk.com
Milbank LLP,https://www.milbank.com/,Bankruptcy,NY,mconway@milbank.com,mconway@milbank.com|tsines@milbank.com|mflynn@milbank.com|jramirez@milbank.com|sedelman@milbank.com|nrieger@milbank.com|dbartfeld@milbank.com|edweck@milbank.com|rhanif@milbank.com|jhaeller@milbank.com|dzemans@milbank.com
Akin Gump,https://www.akingump.com/,Bankruptcy,TX,,
Paul Hastings,https://www.paulhastings.com/,Bankruptcy,CA,pr@paulhastings.com,pr@paulhastings.com
White & Case,https://www.whitecase.com/,Bankruptcy,NY,,
Gibson Dunn & Crutcher,https://www.gibsondunn.com/,Bankruptcy,CA,lromero@gibsondunn.com,lromero@gibsondunn.com|inquiriesmedia@gibsondunn.com|media@gibsondunn.com|srudaini@gibsondunn.com|mriley@gibsondunn.com|sberkowitz@gibsondunn.com|zswilliams@gibsondunn.com|inquiries@gibsondunn.com|kmarquart@gibsondunn.com
JMBM,https://www.jmbm.com/,Bankruptcy,CA,,
Best Best & Krieger,https://bbklaw.com/,Bankruptcy,CA,whitney.murray@bbklaw.com,whitney.murray@bbklaw.com
Sheppard Mullin,https://www.sheppardmullin.com/,Bankruptcy,CA,,
1st California Law,https://www.oc-bankruptcylawyer.com/,Bankruptcy,CA,,
Lincoln Law,https://www.lincolnlaw.com/,Bankruptcy,UT,help@lincolnlaw.com,help@lincolnlaw.com
Pachulski Stang Ziehl & Jones,https://www.pszjlaw.com/,Bankruptcy,CA,,
KTBS Law,https://www.ktbslaw.com/,Bankruptcy,CA,info@ktbslaw.com,info@ktbslaw.com
Greenberg Glusker,https://www.greenbergglusker.com/,Bankruptcy,CA,info@greenbergglusker.com,info@greenbergglusker.com
J. Doling Law PC,https://www.jdolinglaw.com/,Bankruptcy,CA,,
Bayer Wishman & Leotta,https://www.bwllaw.com/,Bankruptcy,CA,,
Allen Barnes & Jones PLC,https://www.allenbarneslaw.com/,Bankruptcy,AZ,,
Duncan Law LLP,https://www.duncanlaw.com/,Bankruptcy,NC,,
Goldstein & Orr,https://www.goldsteinorr.com/,Criminal Defense,TX,,
Richard E. Hornsby PA,https://www.richardhornsby.com/,Criminal Defense,FL,,
Goodman Criminal Defense,https://www.lvlawyer.com/,Criminal Defense,NV,,
Mallett Saper Berg LLP,https://www.mallettlaw.com/,Criminal Defense,TX,,
Zimmermann Lavine & Zimmermann,https://www.zlzlaw.com/,Criminal Defense,TX,,
Newman & Associates PC,https://www.phillycrimlaw.com/,Criminal Defense,PA,,
William C. Head PC,https://www.bubbahead.com/,Criminal Defense,GA,,
Law Office of John W. Tumelty,https://www.njcriminaldefense.com/,Criminal Defense,NJ,ron@njcriminaldefense.com,ron@njcriminaldefense.com
Lai & Turner Law Firm PLLC,https://www.laiturnerlaw.com/,Criminal Defense,TX,info@laiturnerlaw.com,info@laiturnerlaw.com
Perlman & Cohen,https://perlmancohen.com/,Criminal Defense,CA,,
Law Offices of Adrian H. Altshuler,https://www.altshulerlaw.com/,Criminal Defense,TN,,
Manosh Payette,https://www.notguiltyri.com/,Criminal Defense,RI,,
Law Office of Jackson F. Gorski,https://attorneyatx.com/,Criminal Defense,TX,,
Fort Myers Criminal Defense Attorney,https://www.criminalattorney-fortmyers.com/,Criminal Defense,FL,,
Zoukis Consulting Group,https://federalcriminaldefenseattorney.com/,Criminal Defense,TX,chris@zoukisdefense.com,chris@zoukisdefense.com
Law Office of David L. Faulkner,https://www.bakersfielddefenseattorney.com/,Criminal Defense,CA,,
Arca Law,https://www.arcalaw.com/,Criminal Defense,GA,,
Law Offices of Brian J. Cooke,https://stlouiscriminaldefense.com/,Criminal Defense,MO,,
Fritsch Law Firm,https://www.fritschlawfirm.com/,Criminal Defense,FL,drew@fritschlawfirm.com,drew@fritschlawfirm.com
JacksonWhite Law,https://www.jacksonwhitelaw.com/,Criminal Defense,AZ,firm@jacksonwhitelaw.com,firm@jacksonwhitelaw.com
BHW Law Firm,https://www.bhwlawfirm.com/,Criminal Defense,TX,info@bhwlawfirm.com,info@bhwlawfirm.com|info@hlawtx.com
Alpert Schreyer,https://andrewalpert.com/,Criminal Defense,MD,seo@andrewalpert.com,seo@andrewalpert.com
Suhre & Associates,https://www.suhrelaw.com/,Criminal Defense,OH,info@suhrelaw.com,info@suhrelaw.com
Robinson Law PLLC,https://www.callrobinson.com/,Criminal Defense,TX,,
Payne Powell Truitt and Chandler,https://tpaynelaw.com/,Criminal Defense,TX,attorney@tpaynelaw.com,attorney@tpaynelaw.com|attorney@tpaynelaw.com
Ahmed & Sukaram,https://ahmedandsukaram.com/,Criminal Defense,CA,,
Hirsh Law Group,https://hirschlawgroup.com/,Criminal Defense,IL,,
Suhre & Associates Indianapolis,https://suhrelawindianapolis.com/,Criminal Defense,IN,info@suhrelawindianapolis.com,info@suhrelawindianapolis.com
Koenig & Owen LLC,https://columbuscriminaldefenseattorney.com/,Criminal Defense,OH,,
David C. Hardaway,https://www.davidhardawaylaw.com/,Criminal Defense,TX,,
Select Law Partners PLLC,https://www.selectlawpartners.com/,Criminal Defense,VA,service@select.law,service@select.law
The Bloomston Firm,https://www.thebloomstonfirm.com/,Criminal Defense,OH,,
Katsarelis Law,https://katsarelislaw.com/,Criminal Defense,PA,katsarelis@katsarelislaw.com,katsarelis@katsarelislaw.com|katsareliscriminallaw@gmail.com
John Reed Attorney at Law,https://www.johnreedlaw.com/,Criminal Defense,IL,,
Gounaris Abboud,https://gafirm.com/,Criminal Defense,OH,,
Tauber Law,https://atauberlaw.com/,Criminal Defense,TX,,
Venditti Law Group,https://vendittilawgroup.com/,Criminal Defense,NJ,joe@vendittilawgroup.com,joe@vendittilawgroup.com
Law Offices of Daniel Hinich,https://hinichcriminaldefense.com/,Criminal Defense,NC,daniel@hinichcriminaldefense.com,daniel@hinichcriminaldefense.com
Black Srebnick,https://royblack.com/,Criminal Defense,FL,info@royblack.com,info@royblack.com|rshapiro@royblack.com
Crawford Law,https://bettercallchris.net/,Criminal Defense,FL,,
Carlos P Gonzalez Law,https://carlosgonzalezlaw.com/,Criminal Defense,FL,carlosgonzalezlaw@gmail.com,carlosgonzalezlaw@gmail.com
Kohlmeyer Hagen,https://khmnlaw.com/,Criminal Defense,MN,,
Chris Lewis & Associates,https://lewisdefense.com/,Criminal Defense,TX,,
The 420 Lawyer David Sloane,https://the420lawyer.com/,Criminal Defense,CA,,
Law Office of James E. Tyner,https://albanycriminalattorney.com/,Criminal Defense,NY,,
Meltzer & Bell PA,https://meltzerandbell.com/,Criminal Defense,FL,,
Joslyn Law Firm Criminal,https://criminalattorneycolumbus.com/,Criminal Defense,OH,info@criminalattorneycolumbus.com,info@criminalattorneycolumbus.com
Houston Criminal Defense Lawyers,https://houston-criminalattorney.com/,Criminal Defense,TX,,
Dawson Duckett & Garcia,https://dsscrimlaw.com/,Criminal Defense,TX,,
The Gillespie Law Firm,https://craiggillespie.com/,Criminal Defense,TX,,
Bienert Katzman,https://bklwlaw.com/,Criminal Defense,CA,,
Horak Law,https://matthoraklaw.com/,Criminal Defense,MN,info@matthoraklaw.com,info@matthoraklaw.com
O'Meara Law,https://chicagocriminaldefenselawyer.com/,Criminal Defense,IL,michael@defendingchicago.com,michael@defendingchicago.com|advice@chicagocriminaldefenselawyer.com
Cheronis Parente & Levitt,https://cheronislaw.com/,Criminal Defense,IL,,
Law Offices of Robert L Forkner,https://forknerlaw.com/,Criminal Defense,CA,info@forknerlaw.com,info@forknerlaw.com|info@indiantypefoundry.com
Las Vegas Criminal Defense Attorney,https://lvcriminaldefense.com/,Criminal Defense,NV,info@lvcriminaldefense.com,info@lvcriminaldefense.com
Trey Porter DWI Law,https://dwilawyerstexas.com/,Criminal Defense,TX,,
Stewart Law Group,https://azcriminallawgroup.com/,Criminal Defense,AZ,,
Law Offices of Aaron J. Boria,https://thelawyermichigan.com/,Criminal Defense,MI,,
Law Offices of Ned Barnett,https://nedbarnett.com/,Criminal Defense,NC,advice@nedbarnett.com,advice@nedbarnett.com
Neal Davis Law Firm,https://nealdavislaw.com/,Criminal Defense,TX,,
Fienman Defense,https://philadelphiacriminalattorney.com/,Criminal Defense,PA,advice@philadelphiacriminalattorney.com,advice@philadelphiacriminalattorney.com
Luftman Heck & Associates,https://columbuscriminalattorney.com/,Criminal Defense,OH,advice@columbuscriminalattorney.com,advice@columbuscriminalattorney.com
The Rodriguez Law Group,https://aerlawgroup.com/,Criminal Defense,CA,info@aerlawgroup.com,info@aerlawgroup.com
Werksman Jackson & Quinn,https://werksmanjackson.com/,Criminal Defense,CA,,
Feldman Law Firm,https://afphoenixcriminalattorney.com/,Criminal Defense,AZ,afeldman@topazattorney.com,afeldman@topazattorney.com|attorney@afphoenixcriminalattorney.com
Protass Law,https://protasslaw.com/,Criminal Defense,NY,hprotass@protasslaw.com,hprotass@protasslaw.com
Marrone Law,https://marronelaw.com/,Criminal Defense,NY,dalvarez@marronelaw.com,dalvarez@marronelaw.com|questions@marronelaw.com
Doug Murphy Law Firm,https://dougmurphylaw.com/,Criminal Defense,TX,,
Banks & Brower,https://banksbrower.com/,Criminal Defense,IN,info@banksbrower.com,info@banksbrower.com
Barket Epstein,https://barketepstein.com/,Criminal Defense,NY,,
Musca Law,https://www.muscalaw.com/,Criminal Defense,FL,info@muscalaw.com,info@muscalaw.com|contactus@muscalaw.com
Hanlon Law,https://www.criminalattorneytampa.net/,Criminal Defense,FL,,
Rossen Law Firm,https://www.rossenlawfirm.com/,Criminal Defense,FL,,
Eisner Gorin LLP,https://www.egattorneys.com/,Criminal Defense,CA,,
Williams & Connolly,https://www.wc.com/,Criminal Defense,DC,info@wc.com,info@wc.com
Oberheiden PC,https://federal-lawyer.com/,Criminal Defense,TX,,
Kraut Law Group,https://www.losangelescriminallawyer.pro/,Criminal Defense,CA,,
Law Offices of Justin E. Sterling,https://sterlingdefense.com/,Criminal Defense,CA,info@sterlingdefense.com,info@sterlingdefense.com
Kann California Defense Group,https://www.kannlawoffice.com/,Criminal Defense,CA,,
Johnson Criminal Law Group,https://www.californiacriminaldefender.com/,Criminal Defense,CA,info@californiacriminaldefender.com,info@californiacriminaldefender.com
Varghese Summersett,https://www.versutexas.com/,Criminal Defense,TX,,
The Brancato Law Firm PA,https://www.brancatolaw.com/,Criminal Defense,FL,,
Pringle & Pringle,https://www.pringlelaw.com/,Personal Injury,TX,,
Sutliff & Stout,https://www.sutliffstout.com/,Personal Injury,TX,info@sutliffstout.com,info@sutliffstout.com
Zehl & Associates,https://www.zehllaw.com/,Personal Injury,TX,,
Grossman Law Firm,https://www.grossmanlaw.com/,Personal Injury,TX,,
Law Offices of W.T. Johnson,https://www.wtjlaw.com/,Personal Injury,TX,info@wtjlaw.com,info@wtjlaw.com
Cain Smith Attorneys,https://www.cainsmith.com/,Personal Injury,OK,,
Schmidt Kramer,https://www.schmidtkramer.com/,Personal Injury,PA,,
Raynes Lawn Hehmeyer,https://www.rayneslaw.com/,Personal Injury,PA,,
Pond Lehocky,https://www.pondlehocky.com/,Personal Injury,PA,,
Martin Law,https://www.martinlaw.com/,Personal Injury,PA,,
Kline & Specter,https://www.klinespecter.com/,Personal Injury,PA,,
Saltz Mongeluzzi Bendesky,https://www.smbb.com/,Personal Injury,PA,,
Rosenbaum Rosenbaum,https://www.rosenbaumnewyork.com/,Personal Injury,NY,,
Gair Gair Conason,https://www.gairgair.com/,Personal Injury,NY,,
Weitz & Luxenberg,https://www.weitzlux.com/,Personal Injury,NY,,
Belluck & Fox,https://www.belluckfox.com/,Personal Injury,NY,,
Sullivan Papain Block McGrath,https://www.triallaw1.com/,Personal Injury,NY,,
Lipsig Shapey Manus & Moverman,https://www.lipsig.com/,Personal Injury,NY,,
Kelner & Kelner,https://www.kelnerlaw.com/,Personal Injury,NY,,
Gersowitz Libo & Korek,https://www.lawyertime.com/,Personal Injury,NY,info@lawyertime.com,info@lawyertime.com
Cellino Law,https://www.cellinolaw.com/,Personal Injury,NY,lead@cellinolaw.com,lead@cellinolaw.com
Martin Harding & Mazzotti,https://www.1800law1010.com/,Personal Injury,NY,,
Finkelstein & Partners,https://www.lawampm.com/,Personal Injury,NY,cis@lawampm.com,cis@lawampm.com
Sanders & Sanders,https://www.sandersandsanderslaw.com/,Personal Injury,FL,,
Dolman Law Group,https://www.dolmanlaw.com/,Personal Injury,FL,,
Sibley Dolman Gipe,https://www.sibleylaw.com/,Personal Injury,FL,dandekoter@sibleylaw.com,dandekoter@sibleylaw.com
Swope Rodante,https://www.swoperodante.com/,Personal Injury,FL,info@swoperodante.com,swope@swopelaw.com|info@swoperodante.com
Anidjar & Levine,https://www.anidjarlevine.com/,Personal Injury,FL,,
The Ruth Law Team,https://www.ruthlawteam.com/,Personal Injury,FL,,
Steinger Greene & Feiner,https://www.injurylawyers.com/,Personal Injury,FL,,
Schlacter & Schlacter,https://www.888justicenow.com/,Personal Injury,FL,,
Jarrett Stine,https://www.stinelawoffice.com/,Immigration,PA,,
Getson & Schatz,https://www.getsonschatz.com/,Immigration,PA,,
Kolko & Associates,https://www.kolkolaw.com/,Immigration,NY,,
Law Offices of Grinberg & Segal,https://www.usimmigrationlawfirm.com/,Immigration,NY,,
Law Office of Yuriy Moshes,https://www.yuriymosheslaw.com/,Immigration,NY,,
Wildes & Weinberg,https://www.wildeslaw.com/,Immigration,NY,info@wildeslaw.com,info@wildeslaw.com|info@wildesweinberg.com
Cyrus D. Mehta & Partners,https://www.cyrusmehta.com/,Immigration,NY,info@cyrusmehta.com,info@cyrusmehta.com
Benach Collopy,https://www.benachcollopy.com/,Immigration,DC,intake@bprimmigration.com,abentley@bprimmigration.com|intake@bprimmigration.com|aespinal@bprimmigration.com|spitney@bprimmigration.com|ereilly@bprimmigration.com|jlozano@bprimmigration.com|esoper@bprimmigration.com|annamp@bprimmigration.com|cgonzalez@bprimmigration.com|acbenach@bprimmigration.com|bgranados@bprimmigration.com|lvasquez@bprimmigration.com|emok@bprimmigration.com|dsecor@bprimmigration.com|fkhan@bprimmigration.com|suriarte@bprimmigration.com
Maggio Kattar Nahajzer + Alexander,https://www.maggio-kattar.com/,Immigration,DC,,
Dechert Immigration,https://www.dechert.com/,Immigration,PA,,
Miller Mayer,https://www.millermayer.com/,Immigration,NY,,
Cipolla Law Group,https://www.cipollalaw.com/,Immigration,IL,help@cipollalaw.com,help@cipollalaw.com
Azita M. Mojarad & Associates,https://www.mojaradlaw.com/,Immigration,IL,,
Law Offices of Spar & Bernstein,https://www.lawsb.com/,Immigration,NY,info@lawsb.com,info@lawsb.com
Law Offices of Jacob J. Sapochnick,https://www.visalawyerblog.com/,Immigration,CA,info@h1b.biz,info@h1b.biz
Bashyam Global Immigration Law Group,https://www.bashyam.com/,Immigration,NC,,
Shah Peerally Law Group,https://www.spimmigration.com/,Immigration,CA,,
Garfinkel Immigration Law Firm,https://www.lawgarfinkel.com/,Immigration,NJ,,
Song Law Firm,https://www.songlawfirm.com/,Immigration,CA,mail@songlawfirm.com,mail@songlawfirm.com
Immigration Law Group LLP,https://www.immigrationlawgroup.com/,Immigration,CA,,
GratsiaS Law,https://www.ilawofla.com/,Immigration,CA,,
Law Offices of Hasbini,https://www.hasbinilaw.com/,Immigration,CA,,
Scott Legal,https://www.legalservicesincorporated.com/,Immigration,NY,info@legalservicesincorporated.com,info@legalservicesincorporated.com
Law Office of Sheila Quinlan,https://quinlanimmigration.com/,Immigration,CA,,
Ware Immigration,https://www.wareimmigration.com/,Immigration,CA,,
Pandev Law,https://www.pandevlaw.com/,Immigration,NY,,
Law Offices of Joshua L. Goldstein,https://www.jlgoldsteinlaw.com/,Immigration,PA,,
Ogletree Deakins Immigration,https://www.ogletree.com/,Immigration,TN,,
Davis Wright Tremaine Immigration,https://www.dwt.com/,Immigration,WA,jaimedrozd@dwt.com,jaimedrozd@dwt.com|joannaboisen@dwt.com|juliabennett@dwt.com|yusufzakir@dwt.com|jennamooney@dwt.com|samanthaliu@dwt.com|brentgoff@dwt.com|danielmelleby@dwt.com
Shulman Rogers Immigration,https://www.shulmanrogers.com/,Immigration,MD,lgastwirth@shulmanrogers.com,lgastwirth@shulmanrogers.com
Fisher Phillips Immigration,https://www.fisherphillips.com/,Immigration,GA,,
Jackson Lewis Immigration,https://www.jacksonlewis.com/,Immigration,NY,,
Littler Mendelson Immigration,https://www.littler.com/,Immigration,CA,,
Mintz Levin Immigration,https://www.mintz.com/,Immigration,MA,,
Proskauer Rose Immigration,https://www.proskauer.com/,Immigration,NY,info@proskauer.com,rkleiner@proskauer.com|nyrecruiting@proskauer.com|info@proskauer.com|prteam@proskauer.com|nmagrini@proskauer.com|hrrecruiting@proskauer.com
Holland & Hart Immigration,https://www.hollandhart.com/,Immigration,CO,,
McGuireWoods Immigration,https://www.mcguirewoods.com/,Immigration,VA,rbuchanan@mcguirewoods.com,rbuchanan@mcguirewoods.com|ltaylor@mcguirewoods.com|mdaglio@mcguirewoods.com|mdossa@mcguirewoods.com|rnatarajan@mcguirewoods.com|rviola@mcguirewoods.com|sross@mcguirewoods.com|jkatsantonis@mcguirewoods.com|tmalloy@mcguirewoods.com|dgreenspan@mcguirewoods.com|tsteggerda@mcguirewoods.com|acoto@mcguirewoods.com|emarcuss@mcguirewoods.com|rmuckenfuss@mcguirewoods.com|tvanhoutan@mcguirewoods.com|jneary@mcguirewoods.com|edine@mcguirewoods.com|mscoville@mcguirewoods.com|cnelson@mcguirewoods.com|bhatch@mcguirewoods.com|melliott@mcguirewoods.com|hbuckley@mcguirewoods.com|jdarnell@mcguirewoods.com|jchapman@mcguirewoods.com|jadams@mcguirewoods.com|gthomas@mcguirewoods.com|bkahn@mcguirewoods.com|nkelly@mcguirewoods.com|gkilpatrick@mcguirewoods.com|jcowley@mcguirewoods.com|rcromwell@mcguirewoods.com|crodriguez@mcguirewoods.com|pzacharias@mcguirewoods.com|cgreene@mcguirewoods.com|tbruno@mcguirewoods.com|bjackson@mcguirewoods.com|abaiardo@mcguirewoods.com|mlallen@mcguirewoods.com|bsteen@mcguirewoods.com|kstuder@mcguirewoods.com|cbrose@mcguirewoods.com|sgoldsamt@mcguirewoods.com|dpeyton@mcguirewoods.com|rtaylor@mcguirewoods.com|jconnor@mcguirewoods.com|eryan@mcguirewoods.com|tdressel@mcguirewoods.com|ayoungbar@mcguirewoods.com|bhager@mcguirewoods.com|chockman@mcguirewoods.com|gsutfin@mcguirewoods.com|cmackie@mcguirewoods.com|jwhite@mcguirewoods.com|twalker@mcguirewoods.com|areynolds@mcguirewoods.com|mherring@mcguirewoods.com|dhornyak@mcguirewoods.com|pchappell@mcguirewoods.com|afaraguna@mcguirewoods.com|kmcginnis@mcguirewoods.com|yhsu@mcguirewoods.com|mmartinez@mcguirewoods.com|ddellacona@mcguirewoods.com|ttatum@mcguirewoods.com|jcook@mcguirewoods.com|jwade@mcguirewoods.com|aturk@mcguirewoods.com|amaur@mcguirewoods.com|jfinger@mcguirewoods.com|mkinghorn@mcguirewoods.com|ttrujillo@mcguirewoods.com|rgrant@mcguirewoods.com|fthompson@mcguirewoods.com|bkelly@mcguirewoods.com|acsaunders@mcguirewoods.com|acarna@mcguirewoods.com|tzahn@mcguirewoods.com|gyilma@mcguirewoods.com|bwalker@mcguirewoods.com|jharmon@mcguirewoods.com|swake@mcguirewoods.com|jpeyton@mcguirewoods.com|amanning@mcguirewoods.com|awalsh@mcguirewoods.com|dmensi@mcguirewoods.com|eztimmermans@mcguirewoods.com|adennis@mcguirewoods.com|sholladay@mcguirewoods.com|chaas@mcguirewoods.com|hdeshields@mwcllc.com|ehogan@mcguirewoods.com|cegan@mcguirewoods.com|pbiswas@mcguirewoods.com|aalderman@mcguirewoods.com|jblank@mcguirewoods.com
Clark Hill Immigration,https://www.clarkhill.com/,Immigration,MI,dubinfo@clarkhill.com,dubinfo@clarkhill.com|dubinfo@clarkhill.com|ganderson@clarkhill.com|payables@clarkhill.com|payables@clarkhill.com|payments@clarkhill.com|ganderson@clarkhill.com|payments@clarkhill.com
Duane Morris Immigration,https://www.duanemorris.com/,Immigration,PA,,
FordHarrison Immigration,https://www.fordharrison.com/,Immigration,GA,,
Quarles & Brady Immigration,https://www.quarles.com/,Immigration,WI,,
Dickinson Wright Immigration,https://www.dickinsonwright.com/,Immigration,MI,mhammer@dickinsonwright.com,mhammer@dickinsonwright.com|jingber@dickinsonwright.com|bburns@dickinson-wright.com|mkolb@dickinsonwright.com|lbrownsworth@dickinsonwright.com|wshield@dickinsonwright.com|lreyna@dickinsonwright.com|jmcmillian@dickinsonwright.com|calexander@dickinsonwright.com|bdolan@dickinsonwright.com|wburgess@dickinsonwright.com|agarza@dickinsonwright.com|mshapiro@dickinsonwright.com|blulis@dickinsonwright.com|jplemmons@dickinsonwright.com
Bell Nunnally Immigration,https://www.bellnunnally.com/,Immigration,TX,,
Munsch Hardt Immigration,https://www.munsch.com/,Immigration,TX,wtoles@munsch.com,wtoles@munsch.com|dcoligado@munsch.com
Thompson Hine Immigration,https://www.thompsonhine.com/,Immigration,OH,info@thompsonhine.com,info@thompsonhine.com|info@thompsonhine.com
Hughes Socol Piers Resnick & Dym,https://www.hsplegal.com/,Immigration,IL,support@hsplegal.com,support@hsplegal.com
Pryor Cashman Immigration,https://www.pryorcashman.com/,Immigration,NY,,
WR Immigration,https://www.wrimmigration.com/,Immigration,NY,,
Greenspoon Marder Immigration,https://www.gmlaw.com/,Immigration,FL,,
Hall Booth Smith Immigration,https://www.hallboothsmith.com/,Immigration,GA,marketing@hallboothsmith.com,marketing@hallboothsmith.com
Kramer Levin Immigration,https://www.kramerlevin.com/,Immigration,NY,,
King & Spalding Immigration,https://www.kslaw.com/,Immigration,GA,,
Sidley Austin Immigration,https://www.sidley.com/,Immigration,IL,voe@sidley.com,voe@sidley.com|webmaster@sidley.com
Mayer Brown Immigration,https://www.mayerbrown.com/,Immigration,IL,,
Corporate Immigration Partners,https://www.corpimmigration.com/,Immigration,TX,,
Garvish Immigration Law Group,https://www.garvishlaw.com/,Immigration,GA,,
JLW Immigration Law Group,https://www.jlwimmigration.com/,Immigration,CA,,
Grossman Young & Hammond,https://www.gyhimmigration.com/,Immigration,TX,,
Rebecca Kitson Law,https://www.rebeccakitsonlaw.com/,Immigration,NM,,
Kurzban Kurzban Tetzeli & Pratt,https://www.kkwimmigration.com/,Immigration,FL,,
Orr Immigration Law Firm,https://www.orrlegal.com/,Immigration,CA,,
Law Offices of Spojmie Nasiri,https://www.spokaneimmigrationlawyer.com/,Immigration,WA,,
Vialto Law,https://www.vialto.com/,Immigration,NY,contact@vialto.com,contact@vialto.com|at_office@law.vialto.com|privacy@vialto.com|contact@vialto.com|at_office@law.vialto.com|privacy@vialto.com
Sadri Law,https://www.sadrilaw.com/,Immigration,CA,,
The Seltzer Firm,https://www.seltzerfirm.com/,Immigration,TX,,
Tafapolsky & Smith,https://www.tafapols.com/,Immigration,CA,,
Stump Law,https://www.stumpandassociates.com/,Immigration,VA,,
Whitaker Legal,https://www.whitakerlegal.com/,Immigration,VA,,
Nadia Yakoob & Associates,https://www.nadiayakooblaw.com/,Immigration,CA,nadia@nadiayakooblaw.com,nadia@nadiayakooblaw.com
Banyan Immigration,https://www.banyanimmigration.com/,Immigration,CA,,
UB Greensfelder Immigration,https://www.ubglaw.com/,Immigration,MO,,
Weaver Law Firm,https://weaverfirm.com/,Personal Injury,GA,,
Montlick Injury Attorneys,https://www.montlick.com/,Personal Injury,GA,email@montlick.com,email@montlick.com
Pritchard Injury Firm,https://www.pritchardinjuryfirm.com/,Personal Injury,GA,,
Appalachian Injury Law,https://appalachianinjurylaw.com/,Personal Injury,GA,ron@chalkerinjurylaw.com,ron@chalkerinjurylaw.com
The Gumprecht Law Firm,https://www.galawfirm.com/,Personal Injury,GA,office@galawfirm.com,office@galawfirm.com
Spaulding Injury Law,https://www.spauldinginjurylaw.com/,Personal Injury,GA,,
The Angell Law Firm,https://georgiainjurylawyer.com/,Personal Injury,GA,info@georgiainjurylawyer.com,info@georgiainjurylawyer.com
Teague Law Firm,https://www.jttlaw.com/,Personal Injury,GA,,
Smith Hulsey Law,https://smithhulseylaw.com/,Personal Injury,GA,,
Friedman Nemecek Long & Grant,https://www.iannfriedman.com/,Criminal Defense,OH,,
Ohio Defense Firm,https://www.ohiodefensefirm.com/,Criminal Defense,OH,,
Brian Smith Law,https://www.briansmithlaw.com/,Criminal Defense,OH,contact@smithtriallawyers.com,contact@smithtriallawyers.com
Cross Law Office,https://www.crosslawohio.com/,Criminal Defense,OH,,
Saia Marrocco & Jensen,https://www.splaws.com/,Criminal Defense,OH,,
Greco Law PLLC,https://www.grecolawpllcfl.com/,Family Law,FL,laura@grecolawpllc.com,laura@grecolawpllc.com
Law Office of Taryn G. Sinatra,https://www.sinatralegal.com/,Family Law,FL,,
Vette Law,https://vettelaw.com/,Family Law,FL,nicole@vettelaw.com,nicole@vettelaw.com
Pinellas Family Lawyer,https://pinellasfamilylawyer.com/,Family Law,FL,rboyd@pinellasfamilylawyer.com,rboyd@pinellasfamilylawyer.com
All Family Law Group,https://www.allfamilylaw.com/,Family Law,FL,,
Ortiz & Ortiz LLP,https://ortizandortiz.com/,Bankruptcy,NY,,
Rivkin Radler LLP,https://www.rivkinradler.com/,Bankruptcy,NY,,
Hayward Parker & O'Leary,https://www.midhudsonbankruptcylawyers.com/,Bankruptcy,NY,michael.oleary@hpoplaw.com,michael.oleary@hpoplaw.com
Law Office of Seni Popat,https://www.splawpc.com/,Bankruptcy,NY,,
Falcon Rappaport and Berkman,https://www.frblaw.com/,Bankruptcy,NY,,
Lebedin Kofman LLP,https://www.lkdefense.com/,Criminal Defense,NY,,
Spodek Law Group,https://www.spodeklawgroup.com/,Criminal Defense,NY,,
Cohen & Fitch LLP,https://www.cohenfitchlaw.com/,Criminal Defense,NY,,
Brill Legal Group,https://www.thebrilllegalgroup.com/,Criminal Defense,NY,,
Bukh Law Firm,https://bukhlawfirm.com/,Criminal Defense,NY,,
Saland Law PC,https://www.newyorkcriminalattorneyblog.com/,Criminal Defense,NY,,
Harrington & Mahoney,https://www.harringtonmahoney.com/,Criminal Defense,NY,,
Tilem & Associates,https://www.tilemlaw.com/,Criminal Defense,NY,,
The Law Offices of Julie Rendelman,https://www.julierendelmanlaw.com/,Criminal Defense,NY,,
Norman Spencer Law Group,https://www.lawfirmservices.com/,Criminal Defense,NY,,
The Lebedin Kofman Law Firm,https://www.lkdefense.com/,Criminal Defense,NY,,
Abaffy Law,https://www.abaffy.com/,Personal Injury,OH,,
Elk & Elk,https://www.elkandelk.com/,Personal Injury,OH,,
Lowe Scott Fisher,https://www.lowescottfisher.com/,Personal Injury,OH,,
Wilt & Thompson,https://www.daytoninjurylawyers.com/,Personal Injury,OH,,
Wright & Schulte,https://www.yourlegalhelp.com/,Personal Injury,OH,dmulvihill@yourohiolegalhelp.com,dmulvihill@yourohiolegalhelp.com|rschulte@yourlegalhelp.com|dmulvihill@yourlegalhelp.com
The Zarlengo Law Firm,https://www.zarzlaw.com/,Personal Injury,CO,,
Franklin D. Azar & Associates,https://www.fdazar.com/,Personal Injury,CO,inv@fdazar.com,inv@fdazar.com
Bachus & Schanker,https://www.coloradolaw.net/,Personal Injury,CO,,
Wilhite Law Firm,https://www.wilhitelawfirm.com/,Personal Injury,CO,intake@wilhitelawfirm.com,intake@wilhitelawfirm.com
McDivitt Law Firm,https://www.mcdivittlaw.com/,Personal Injury,CO,,
The Fang Law Firm,https://www.thefanglawfirm.com/,Personal Injury,CO,,
Dormer Harpring,https://www.dhinjurylaw.com/,Personal Injury,CO,,
Foster Graham Milstein & Calisher,https://www.fostergraham.com/,Personal Injury,CO,,
Chalat Hatten Injury Lawyers,https://www.injurycolorado.com/,Personal Injury,CO,,
Frickey Law Firm,https://www.frickeylaw.com/,Personal Injury,CO,,
The Law Office of Matthew A. Lathrop,https://www.lathroplaw.net/,Personal Injury,NE,,
Berry Law,https://www.berrylaw.com/,Personal Injury,NE,,
High Plains Injury Law,https://www.highplainsinjurylaw.com/,Personal Injury,NE,,
Inserra Kelley Sewell,https://www.ikslawfirm.com/,Personal Injury,NE,,
Cullan & Cullan,https://www.cullanlaw.com/,Personal Injury,NE,,
Van Severen Law Office,https://www.vanselawoffice.com/,Criminal Defense,WI,,
Grieve Law,https://www.grilolaw.com/,Criminal Defense,WI,,
Birdsall Obear & Associates,https://www.birdsallobear.com/,Criminal Defense,WI,,
Mishlove & Stuckert,https://www.milwaukee-criminal-lawyer.com/,Criminal Defense,WI,general@mvslegal.com,general@mvslegal.com
Tracey Wood & Associates,https://www.traceywood.com/,Criminal Defense,WI,,
Vanden Heuvel & Dineen,https://www.vandenlaw.com/,Criminal Defense,WI,,
Huppertz & Powers,https://www.huppowerlaw.com/,Criminal Defense,WI,,
Reddin & Singer,https://www.reddinandsinger.com/,Criminal Defense,WI,,
Anderson & O'Brien,https://www.andersonobrien.com/,Personal Injury,WI,,
Habush Habush & Rottier,https://www.habush.com/,Personal Injury,WI,,
Warshafsky Law,https://www.warshafsky.com/,Personal Injury,WI,,
Hupy and Abraham,https://www.hupy.com/,Personal Injury,WI,,
The Perkins Law Firm,https://www.perkinslawllc.com/,Personal Injury,WI,,
Peterson Berk & Cross,https://www.pbclawyers.com/,Personal Injury,WI,,
Eisenberg Law Offices,https://www.eisenberglaw.org/,Personal Injury,WI,,
Boller & Vaughan,https://www.bollervaughan.com/,Personal Injury,WI,,
Murphy & Prachthauser,https://www.murphyprachthauser.com/,Personal Injury,WI,dprachthauser@murphyprachthauser.com,dprachthauser@murphyprachthauser.com|tllaurado@murphyprachthauser.com|jbraun@murphyprachthauser.com|kllaurado@murphyprachthauser.com|kvorwerk@murphypracthauser.com|mhockers@murphyprachthauser.com|mlicato@murphyprachthauser.com|lklepatz@murphyprachthauser.com|bolson@murphyprachthauser.com|nvinohradsky@murphyprachthauser.com|kvolke@murphyprachthauser.com|kstachowiak@murphyprachthauser.com
Cannon & Dunphy,https://www.cannonanddunphy.com/,Personal Injury,WI,,
Peterson Law Offices,https://www.petersonlawoffices.com/,Family Law,WI,,
Ohiku Law Office,https://www.milwaukeedivorce.com/,Family Law,WI,,
Davis & Kuelthau,https://www.dkattorneys.com/,Family Law,WI,,
Karp & Iancu,https://www.kfrlaw.com/,Family Law,WI,,
Sterling Law Offices,https://www.sterlinglawyers.com/,Family Law,WI,,
Johns Flaherty & Collins,https://www.johnsflaherty.com/,Family Law,WI,general@johnsflaherty.com,general@johnsflaherty.com
Murphy Desmond,https://www.murphydesmond.com/,Family Law,WI,,
Schott Bublitz & Engel,https://www.sbelawfirm.com/,Family Law,WI,,
Conway Olejniczak & Jerry,https://www.lcojlaw.com/,Family Law,WI,,
Gingras Cates & Wachs,https://www.gcwlawyers.com/,Personal Injury,WI,,
Fried Goldberg LLC,https://www.friedgoldberg.com/,Personal Injury,GA,,
Shiver Hamilton Campbell,https://www.shiverhamilton.com/,Personal Injury,GA,,
Cail & Edger,https://www.cailandedger.com/,Criminal Defense,GA,,
Westmoreland Patterson Moseley & Hinson,https://www.westpattlaw.com/,Family Law,GA,,
Kessler Solomiany,https://www.ksfamilylaw.com/,Family Law,GA,mail@ksfamilylaw.com,mail@ksfamilylaw.com|rkessler@ksfamilylaw.com
Hamptonroadslegal,http://www.hamptonroadslegal.com/,Bankruptcy,VA,,
Websites & Blogs Website Jarvis Law PLLC Blog,https://www.jarvislaw.org/,Bankruptcy,VA,info@jarvislaw.org,info@jarvislaw.org
Ncls-Inc,https://www.ncls-inc.com/en/,Bankruptcy,VA,law@ncls-inc.com,law@ncls-inc.com
Erÿk Mahaffey Boston Law FIrm,https://novalaw.us,Bankruptcy,VA,law@novalaw.us,law@novalaw.us
Btclawva,https://www.btclawva.com/,Bankruptcy,VA,,
Virginia-Lawyer,https://www.virginia-lawyer.us/james-h-wilson-jr.html,Bankruptcy,VA,,
Jlfva,http://www.JLFva.com,Bankruptcy,VA,,
"New Day Legal, PLLC with Offices in Richmond, Warrenton and",http://NewDayLegal.com,Bankruptcy,VA,,
"John G. Merna The Merna Law Group, P.C.",https://www.mernalaw.com,Bankruptcy,VA,,
Hamptonroadslawfirm,http://www.hamptonroadslawfirm.com,Bankruptcy,VA,info@hamptonroadslawfirm.com,info@hamptonroadslawfirm.com
"John Wallis Raymond Raymond & Raymond, PLLC",http://raymondbankruptcy.com,Bankruptcy,VA,info@raymondbankruptcy.com,info@raymondbankruptcy.com
Samuelson-Law,https://www.samuelson-law.com/ken-samuelson.html,Bankruptcy,VA,,
L. Ilaine Upton Upton Law Firm,https://uptonlaw.com/,Bankruptcy,VA,,
Tucker Griffin Barnes P.C.,https://www.tgblaw.com/practice-areas/consumer-issues/bankruptcy/,Bankruptcy,VA,,
Slaytonlawplc,http://Slaytonlawplc.com,Bankruptcy,VA,info@marshallslayton.com,info@marshallslayton.com
The Andrews Law Firm,http://www.kreitzerlaw.com,Bankruptcy,VA,mkreitzer@northernvalleylaw.com,mkreitzer@northernvalleylaw.com|atownsend@northernvalleylaw.com
"Mehnaz I. Khan Mehnaz Khan Law, PLLC",https://mehnazkhanlaw.com/,Bankruptcy,VA,info@mehnazkhanlaw.com,info@mehnazkhanlaw.com
Fishersandlerlaw,https://fishersandlerlaw.com,Bankruptcy,VA,,
"Websites & Blogs Website The Gaymon Law Firm, PLLC Website",http://www.gaymonlaw.com,Bankruptcy,VA,info@gaymonlaw.com,pgaymon@friedlaw.com|info@gaymonlaw.com|pgaymon@gaymonlaw.com
"Mr Thomas Mansfield Dunlap Dunlap, Grubb & Weaver, PLLC",https://www.dbllawyers.com/,Bankruptcy,VA,clientservices@dbllawyers.com,clientservices@dbllawyers.com
Boleman Law Firm,https://www.richlawrva.com,Bankruptcy,VA,info@richlawrva.com,info@richlawrva.com
Flaxlegal,http://www.flaxlegal.com/Home.html,Bankruptcy,VA,,
Robertweed,https://www.robertweed.com,Bankruptcy,VA,,
Rpagelaw,http://rpagelaw.com/,Bankruptcy,VA,,
"Associate Tyler, Bartl, Gorman & Ramsdell, P.C. 1999 - 2003",https://www.manassaslaw.com/bankruptcy/,Bankruptcy,VA,,
"Websites & Blogs Website Flores Law, PLLC",https://www.floreslawva.com,Bankruptcy,VA,,
"Steven Laxton Higgs Steven L. Higgs, P.C.",http://www.higgslawfirm.com,Bankruptcy,VA,,
Libertylawgroupva,https://www.libertylawgroupva.com/,Bankruptcy,VA,info@libertylawgroupva.com,info@libertylawgroupva.com
Principal and Attorney The Bramble Law Firm 2005 - Current,https://www.bramblelawfirm.com,Bankruptcy,VA,info@bramblelawfirm.com,info@bramblelawfirm.com
Songlaw,http://www.songlaw.org,Bankruptcy,VA,,
"(703) 260-6060 Yoon Law Firm, PLLC 4118 Leonard Drive",https://srislawyer.com/,Bankruptcy,VA,,
"(703) 260-6060 Yoon Law Firm, PLLC 4118 Leonard Drive",http://www.afmorganlaw.com/,Bankruptcy,VA,,
Virginiabeachlaw,http://www.virginiabeachlaw.net,Bankruptcy,VA,,
"(703) 260-6060 Yoon Law Firm, PLLC 4118 Leonard Drive",http://www.northernvirginialitigator.com/,Bankruptcy,VA,,
Leslierobinson,https://LeslieRobinson.com,Bankruptcy,VA,,
Portsmouthlawyer,http://www.portsmouthlawyer.net,Bankruptcy,VA,,
"(703) 260-6060 Yoon Law Firm, PLLC 4118 Leonard Drive",http://www.lopezandwu.com,Bankruptcy,VA,kwu@lopezandwu.com,kwu@lopezandwu.com|rlopez@lopezandwu.com
"(703) 260-6060 Yoon Law Firm, PLLC 4118 Leonard Drive",http://www.deblaw.com,Bankruptcy,VA,,
Suffolkattorney,http://www.suffolkattorney.net,Bankruptcy,VA,,
Ayerslaw,http://www.ayerslaw.com,Bankruptcy,VA,,
"Websites & Blogs Website Chaplain Dufraine, PLLC",https://chaplaindufraine.com,Bankruptcy,VA,info@chaplaindufraine.com,info@chaplaindufraine.com
Hjlaw,http://hjlaw.com/,Bankruptcy,VA,,
"Daniel M. Press Chung & Press, P.C.",http://www.chung-press.com,Bankruptcy,VA,info@chung-press.com,info@chung-press.com
"Law Office of David R. Martin, PLLC",https://www.davidmartinlawyer.com,Bankruptcy,VA,david@davidmartinlawyer.com,david@davidmartinlawyer.com|paralegal@davidmartinlawyer.com
Localbankruptcycounsel,http://www.localbankruptcycounsel.com,Bankruptcy,VA,,
Irsequalizer,http://www.irsequalizer.com,Bankruptcy,VA,,
Imaginejustice,https://www.imaginejustice.com/about-us/our-attorneys/christopher-pitera-esq/,Bankruptcy,VA,receptionist@cannellalaw.com,receptionist@cannellalaw.com
Tworiverslawgroup,https://www.tworiverslawgroup.com/,Bankruptcy,VA,info@tworiverslawgroup.com,info@tworiverslawgroup.com
"Yoon Law Firm, PLLC 4118 Leonard Drive Fairfax , VA 22030 US",http://www.yoonfirm.com,Bankruptcy,VA,joseph@yoonfirm.com,joseph@yoonfirm.com
"Kara Jenkins Kara G. Jenkins Law, P.C.",http://www.kgjlaw.com,Bankruptcy,VA,,
Fitzlaw,http://www.fitzlaw.biz,Bankruptcy,VA,,
Kirkrankin,http://www.kirkrankin.com,Bankruptcy,VA,info@kirkrankin.com,info@kirkrankin.com
Richmondlawyer,https://www.richmondlawyer.com,Bankruptcy,VA,info@richmondlawyer.com,info@richmondlawyer.com|info@ferriswinder.com
Brandtlawfirm,http://brandtlawfirm.com,Bankruptcy,VA,,
"Sharon Choi Stuart Stuart Law Firm, LLC",http://www.staurtlawfirmllc.com,Bankruptcy,VA,,
Adamsboonelaw,http://www.adamsboonelaw.com,Bankruptcy,VA,,
Andrewslaw,https://www.andrewslaw.net,Bankruptcy,VA,,
"Trevor B. Reid Shareholder at Parker, Pollard, Wilton &",http://www.parkerpollard.com/,Bankruptcy,VA,info@parkerpollard.com,info@parkerpollard.com
Harbourlawplc,https://www.harbourlawplc.com,Bankruptcy,VA,,
Alexander Laughlin Wiley Rein LLP,https://www.wiley.law/,Bankruptcy,VA,,
Jdavidtaxlaw,https://www.jdavidtaxlaw.com/richmond/,Bankruptcy,VA,info@jdavidtaxlaw.com,info@jdavidtaxlaw.com
Chick-Law,http://www.chick-law.com,Bankruptcy,VA,,
Jclawpllc,https://www.jclawpllc.com/,Bankruptcy,VA,info@jclawpllc.com,info@jclawpllc.com
Troutman Sanders LLP - Virginia,http://glassmanmichael.com,Bankruptcy,VA,,
Glasserlaw,http://www.glasserlaw.com/,Bankruptcy,VA,specialhandling@glasserlaw.com,specialhandling@glasserlaw.com|payments@glasserlaw.com|maintenance@gotechark.com
"Holcomb & Carmines, P.C.",http://www.holcombcarmines.com,Bankruptcy,VA,,
"Websites & Blogs Website Haven Law Group, P.C.",http://www.haven-law.com,Bankruptcy,VA,,
Robertstevenslawva,https://robertstevenslawva.com/,Bankruptcy,VA,,
"General Counsel, P.C.",https://www.sacklaw.com/stacy-e-costello.html,Bankruptcy,VA,,
Markhurtlawfirm,http://markhurtlawfirm.com/,Bankruptcy,VA,mark@markhurtlawfirm.com,mark@markhurtlawfirm.com
Tomcsmith,http://www.tomcsmith.com,Bankruptcy,VA,,
Bernice Cilley Troutman Sanders LLP,https://www.troutman.com/,Bankruptcy,VA,tpl@troutman.com,tpl@troutman.com
Geraldaschwartz,https://www.geraldaschwartz.com/practice-areas.html,Bankruptcy,VA,,
Anderewslaw,http://www.anderewslaw.net,Bankruptcy,VA,,
Kimberly Pierro Kutak Rock LLP,http://www.kutakrock.com/index.cfm,Bankruptcy,VA,,
Theparrishlawfirm,https://www.theparrishlawfirm.com/,Bankruptcy,VA,parrishlawfirmpllc@gmail.com,parrishlawfirmpllc@gmail.com
Bhlpc,http://www.bhlpc.com,Bankruptcy,VA,information@bhlpc.com,information@bhlpc.com
Norfolksattorney,http://www.norfolksattorney.com,Bankruptcy,VA,,
Slovenskylaw,https://slovenskylaw.com/,Bankruptcy,VA,,
Curciolaw,https://www.curciolaw.com/,Bankruptcy,VA,,
Achowdhurylaw,https://www.achowdhurylaw.com/,Bankruptcy,VA,chowdhurydivorce@gmail.com,chowdhurydivorce@gmail.com
Norfolklawoffice,http://www.norfolklawoffice.net,Bankruptcy,VA,,
Thomas B. Bennett Bailey & Glasser LLP,https://www.dcbankruptcy.com/,Bankruptcy,VA,,
Erlichlawoffice,http://www.erlichlawoffice.com/joshua-erlich.html,Bankruptcy,VA,,
Simopouloslaw,https://www.simopouloslaw.com/,Bankruptcy,VA,info@simopouloslaw.com,info@simopouloslaw.com
"(703) 260-6060 Yoon Law Firm, PLLC 4118 Leonard Drive",https://fairfax.novadefenders.com/bankruptcy.html,Bankruptcy,VA,,
Seganmason,http://www.seganmason.com,Bankruptcy,VA,dmason@seganmason.com,dmason@seganmason.com|firm@seganmason.com
Hirschlerlaw,https://www.hirschlerlaw.com/,Bankruptcy,VA,,
Venable,http://www.venable.com,Bankruptcy,VA,pr@venable.com,pr@venable.com|trgoldy@venable.com|wwhamel@venable.com
IMMIGRATION & ANTI-DISCRIMINATION LAW FIRM 3900 JERMANTOWN,https://www.kublanaustin.com/volha-olga-hirynskaya.html,Bankruptcy,VA,,
Vasselllawgroup,https://www.vasselllawgroup.com,Bankruptcy,VA,info@vasselllaw.com,info@vasselllaw.com
Beckerkelloggberry,http://www.beckerkelloggberry.com,Bankruptcy,VA,bgladstone@beckerkelloggberry.com,bgladstone@beckerkelloggberry.com
Beeraj Patel Patel Law Firm LLC,https://www.prideimmigration.com,Bankruptcy,VA,,
"Benjamin Schaefer Nova Defenders, S&R Law Firm, PLLC",http://www.novadefenders.com/benjamin-schaefer.html,Bankruptcy,VA,,
Bernardvialawoffice,https://www.bernardvialawoffice.com/,Bankruptcy,VA,,
"Christopher Mark Winslow Winslow & McCurry, PLLC",https://www.wmmlegal.com,Bankruptcy,VA,,
"Jessica R Clay The Clay Law Firm, PLLC",http://www.theclaylawfirm.com,Bankruptcy,VA,,
"Boleman Law Firm, P.C.",https://www.bolemanlaw.com/,Bankruptcy,VA,,
"Northern Virginia Law Group, PLLC",http://www.northernvalaw.com/,Bankruptcy,VA,,
Vivonalaw,http://www.vivonalaw.com/bankruptcy,Bankruptcy,VA,,
"WhitbeckBennett, PLLC",https://www.wblaws.com,Bankruptcy,VA,clientservices@wblaws.com,clientservices@wblaws.com
Richmond-Defense,https://www.richmond-defense.com,Bankruptcy,VA,cody@richmond-defense.com,cody@richmond-defense.com
